<?xml version="1.0" encoding="utf-8" standalone="yes"?>


    <channels>
    <channels_info> <!-- this is optional -->
      <title>TITULO DE LA LISTA</title> <!-- if channels_info, a title is required, other elements are optional -->
      <genre>GENERO</genre>
      <description>DESCRIPCION</description>
      <thumbnail>URL DE LA IMAGEN DEL ICONO</thumbnail>
      <fanart>URL DE LA IMAGEN DE FONDO</fanart>
      <date>AÃ‘O</date>
      <credits>CREDITOS</credits>
    </channels_info>
	 
    <channel>
    <name>NOMBRE CATEGORÃA</name>
    <info>DESCRIPCIÃ“N DE LA CATEGORÃA</info>
    <thumbnail>URL DE LA IMAGEN DEL ICONO</thumbnail>
    <fanart>URL DE LA IMAGEN DE FONDO</fanart>

    <item>
	<title>TITULO DEL CANAL</title>
	<link>URL</link>
    <thumbnail>URL DE LA IMAGEN DEL ICONO</thumbnail>
    </item>

    <item>
	<title>TITULO DEL CANAL</title>
	<link>URL</link>
    <thumbnail>URL DE LA IMAGEN DEL ICONO</thumbnail>
    </item>

    <item>
	<title>TITULO DEL CANAL</title>
	<link>URL</link>
    <thumbnail>URL DE LA IMAGEN DEL ICONO</thumbnail>
    </item>

	</channel>
	
    <channel>
    <name>Pueba 2</name>
    <info>DESCRIPCIÃ“N DE LA CATEGORÃA</info>
    <thumbnail>URL DE LA IMAGEN DEL ICONO</thumbnail>
    <fanart>URL DE LA IMAGEN DE FONDO</fanart>

    <item>
	<title>Spor Nation</title>
	<link>http://iptvcanales.com/xw/cable.php?canal=06&player=playlist.m3u8</link>
    <thumbnail>URL DE LA IMAGEN DEL ICONO</thumbnail>
    </item>

    <item>
	<title>TITULO DEL CANAL</title>
	<link>URL</link>
    <thumbnail>URL DE LA IMAGEN DEL ICONO</thumbnail>
    </item>

    <item>
	<title>TITULO DEL CANAL</title>
	<link>URL</link>
    <thumbnail>URL DE LA IMAGEN DEL ICONO</thumbnail>
    </item>

	</channel>

	</channels>
